Sentence Length (Avg),Total Words,Word Length (Avg),Total Sentences,Initial Text Length (Chars),Unique Lemmas,TTR,Avg Syllables Per Word,Lexical Density,Pronoun Usage Rate (%),Nominalization Rate (%),Hapax Legomena Ratio (%),Abstract vs. Concrete Words Ratio,Flesch Reading Ease,Flesch-Kincaid Grade Level,SMOG Index,Dale-Chall Readability Score,Automated Readability Index,Gunning Fog Index,Linsear Write Formula,FORCAST Readability Score
23.055230654407364,61614.46666666667,4.723499832301695,2800.6,389383.0,5122.9,0.1001589542063029,1.5037870459834015,0.7049327233832857,3.6999328663870847,3.4325738085729376,4.561767508303175,2.4606790521057524,54.501,11.536666666666667,13.33,5.8116666666666665,13.85,10.770000000000001,15.964792250233426,17.969333333333335
18.00259991123968,49878.23333333333,4.01046659034643,2709.766666666667,269239.6666666667,3969.8,0.0977668323832143,1.224419926775652,0.7035211376929605,12.355953670669058,0.7790161642245107,4.721620058143356,1.6185023779725352,85.33166666666666,5.556666666666667,7.67,4.214333333333333,7.406666666666666,7.267666666666667,13.154378306878307,19.476666666666667
24.674705618063463,616.39,4.984233045025179,26.0,3905.11,289.08,0.519198536492402,1.5555349905029912,0.7392469447396763,3.9881255359649463,3.370609165489741,37.14234917378746,1.8722695105785292,52.1044,11.58,13.195,9.581,14.433,12.834100000000001,14.224694444444445,17.94530612244898
19.060904093714207,46002.28888888889,4.155063163365881,2362.088888888889,274800.77777777775,4720.733333333334,0.16760448591962757,1.2395123368459249,0.6951728870588146,11.005151971770148,1.180570376654241,9.419872872250526,1.7116255390275061,79.208,7.5,8.402222222222223,6.449111111111111,10.42,9.326,14.534672919672918,19.421333333333333
